chr11.G1	A00417:150:HTNL3DMXX:1:1101:10013:1423	48956296;1;G/A
chr3.G1	A00417:150:HTNL3DMXX:1:1101:10050:1642	14783708;1;C/T
chr19.G2	A00417:150:HTNL3DMXX:1:1101:10230:1485	73258530;1;C/T
chr19.G2	A00417:150:HTNL3DMXX:1:1101:10230:1485	73258531;1;C/G
chr19.G2	A00417:150:HTNL3DMXX:1:1101:10230:1485	73258532;1;C/G
chr19.G2	A00417:150:HTNL3DMXX:1:1101:10230:1485	73258533;1;T/C
chr4.G1	A00417:150:HTNL3DMXX:1:1101:1027:1297	20782285;1;C/T
chr7.G1	A00417:150:HTNL3DMXX:1:1101:10357:1078	33576284;1;A/G
chr7.G1	A00417:150:HTNL3DMXX:1:1101:10357:1078	33576285;1;A/G
chr7.G1	A00417:150:HTNL3DMXX:1:1101:10357:1078	33576286;1;C/A
chr11.G1	A00417:150:HTNL3DMXX:1:1101:10357:1172	48759536;1;C/T
chrX.G1	A00417:150:HTNL3DMXX:1:1101:10384:1626	76452545;1;C/T
chr12.G1	A00417:150:HTNL3DMXX:1:1101:10411:1204	52347548;1;C/T
chrX.G1	A00417:150:HTNL3DMXX:1:1101:10438:1376	76452545;1;C/T
chr8.G1	A00417:150:HTNL3DMXX:1:1101:10484:1517	36194540;1;G/A
chr7.G1	A00417:150:HTNL3DMXX:1:1101:10520:1078	33576250;1;G/A
chr2.G2	A00417:150:HTNL3DMXX:1:1101:10520:1172	6128238;1;T/C
chr2.G2	A00417:150:HTNL3DMXX:1:1101:10520:1172	6128239;1;T/C
chr2.G2	A00417:150:HTNL3DMXX:1:1101:10520:1172	6128240;1;C/A
chr19.G1	A00417:150:HTNL3DMXX:1:1101:10529:1219	73210132;1;T/C
chr19.G1	A00417:150:HTNL3DMXX:1:1101:10529:1219	73210135;1;A/G
chr8.G1	A00417:150:HTNL3DMXX:1:1101:10538:1360	36717236;1;G/A
chr3.G1	A00417:150:HTNL3DMXX:1:1101:10673:1125	12918507;1;C/T
chr3.G1	A00417:150:HTNL3DMXX:1:1101:10673:1125	12918508;1;G/A
chr4.G1	A00417:150:HTNL3DMXX:1:1101:10764:1532	20914379;1;T/G
chr4.G1	A00417:150:HTNL3DMXX:1:1101:10764:1532	20914380;1;C/A
chr17.G1	A00417:150:HTNL3DMXX:1:1101:10782:1595	68692032;1;C/G
chr4.G1	A00417:150:HTNL3DMXX:1:1101:10972:1391	20695008;1;T/C
chr10.G1	A00417:150:HTNL3DMXX:1:1101:11080:1360	44772613;1;T/C
chr19.G2	A00417:150:HTNL3DMXX:1:1101:1108:1157	73158877;1;C/T
chr8.G1	A00417:150:HTNL3DMXX:1:1101:11143:1501	35435057;1;C/T
chr8.G1	A00417:150:HTNL3DMXX:1:1101:11143:1501	35435058;1;C/G
chr8.G1	A00417:150:HTNL3DMXX:1:1101:11143:1501	35435059;1;A/G
chr16.G1	A00417:150:HTNL3DMXX:1:1101:1127:1344	65248260;1;T/G
chr6.G1	A00417:150:HTNL3DMXX:1:1101:11333:1485	28538161;1;T/C
chr6.G1	A00417:150:HTNL3DMXX:1:1101:11333:1485	28538162;1;G/A
chr6.G1	A00417:150:HTNL3DMXX:1:1101:11397:1094	26986237;1;T/C
chrX.G2	A00417:150:HTNL3DMXX:1:1101:1145:1000	75886712;1;A/G
chr13.G2	A00417:150:HTNL3DMXX:1:1101:11623:1047	57045620;1;G/A
chr7.G1	A00417:150:HTNL3DMXX:1:1101:11632:1157	33576250;1;G/A
chr4.G2	A00417:150:HTNL3DMXX:1:1101:11740:1188	19772305;1;C/T
chr6.G1	A00417:150:HTNL3DMXX:1:1101:11740:1251	28270217;1;A/G
chr6.G1	A00417:150:HTNL3DMXX:1:1101:11740:1251	28270218;1;T/C
chr11.G2	A00417:150:HTNL3DMXX:1:1101:11749:1047	47361782;1;A/G
chr15.G1	A00417:150:HTNL3DMXX:1:1101:11794:1501	64323012;1;G/A
chr15.G1	A00417:150:HTNL3DMXX:1:1101:11794:1501	64323013;1;G/A
chr14.G1	A00417:150:HTNL3DMXX:1:1101:11803:1016	57840547;1;C/G
chr15.G2	A00417:150:HTNL3DMXX:1:1101:11894:1204	62046234;1;G/A
chr19.G1	A00417:150:HTNL3DMXX:1:1101:11966:1485	74393106;1;T/C
chr2.G1	A00417:150:HTNL3DMXX:1:1101:12048:1658	8666927;1;C/T
chr10.G1	A00417:150:HTNL3DMXX:1:1101:12075:1360	45180028;1;G/A
chr9.G1	A00417:150:HTNL3DMXX:1:1101:12201:1235	39368533;1;G/A
chr9.G1	A00417:150:HTNL3DMXX:1:1101:12201:1235	39368534;1;G/A
chr13.G1	A00417:150:HTNL3DMXX:1:1101:1226:1110	56274246;1;C/T
chr12.G1	A00417:150:HTNL3DMXX:1:1101:12283:1501	50840603;1;T/C
chr12.G1	A00417:150:HTNL3DMXX:1:1101:12283:1501	50840604;1;T/C
chr12.G1	A00417:150:HTNL3DMXX:1:1101:12283:1501	50840606;1;G/C
chr4.G1	A00417:150:HTNL3DMXX:1:1101:12301:1188	18513012;1;T/C
chr2.G1	A00417:150:HTNL3DMXX:1:1101:12346:1172	8977029;1;T/C
chr1.G1	A00417:150:HTNL3DMXX:1:1101:12545:1454	213578;1;T/G
chr9.G1	A00417:150:HTNL3DMXX:1:1101:12572:1157	42350410;1;A/G
chr5.G1	A00417:150:HTNL3DMXX:1:1101:12599:1078	21806755;1;A/G
chr5.G1	A00417:150:HTNL3DMXX:1:1101:12599:1078	21806756;1;T/A
chr18.G1	A00417:150:HTNL3DMXX:1:1101:12599:1642	71852400;1;A/G
chr8.G1	A00417:150:HTNL3DMXX:1:1101:12635:1078	35047746;1;A/G
chr18.G1	A00417:150:HTNL3DMXX:1:1101:12662:1157	70512399;1;C/T
chr1.G1	A00417:150:HTNL3DMXX:1:1101:12689:1391	5193602;1;G/A
chr8.G2	A00417:150:HTNL3DMXX:1:1101:12789:1532	35794517;1;A/C
chr18.G2	A00417:150:HTNL3DMXX:1:1101:12816:1517	70551189;1;C/T
chr16.G1	A00417:150:HTNL3DMXX:1:1101:12852:1611	66175032;1;G/C
chr16.G1	A00417:150:HTNL3DMXX:1:1101:12852:1611	66175033;1;T/C
chr18.G2	A00417:150:HTNL3DMXX:1:1101:1289:1188	72658559;1;A/T
chr13.G1	A00417:150:HTNL3DMXX:1:1101:1298:1423	56653874;1;C/T
chr7.G1	A00417:150:HTNL3DMXX:1:1101:13024:1031	30939789;1;C/T
chr16.G2	A00417:150:HTNL3DMXX:1:1101:13024:1282	65753751;1;C/T
chr16.G2	A00417:150:HTNL3DMXX:1:1101:13024:1282	65753753;1;G/A
chr7.G1	A00417:150:HTNL3DMXX:1:1101:13042:1282	34269389;1;T/G
chr7.G1	A00417:150:HTNL3DMXX:1:1101:13150:1501	30692021;1;G/C
chr13.G1	A00417:150:HTNL3DMXX:1:1101:1316:1423	54411573;1;T/C
chr13.G1	A00417:150:HTNL3DMXX:1:1101:1316:1423	54411574;1;A/T
chr13.G1	A00417:150:HTNL3DMXX:1:1101:1316:1423	54411576;1;T/C
chr13.G1	A00417:150:HTNL3DMXX:1:1101:1316:1423	54411578;1;G/A
chr9.G1	A00417:150:HTNL3DMXX:1:1101:13187:1188	41953572;1;A/G
chr1.G1	A00417:150:HTNL3DMXX:1:1101:13205:1407	2762084;1;T/C
chr7.G2	A00417:150:HTNL3DMXX:1:1101:13322:1110	31637325;1;G/A
chr7.G2	A00417:150:HTNL3DMXX:1:1101:13322:1110	31637326;1;T/C
chr11.G1	A00417:150:HTNL3DMXX:1:1101:13386:1031	49243332;1;A/G
chr18.G2	A00417:150:HTNL3DMXX:1:1101:13440:1344	72658559;1;A/T
chr9.G1	A00417:150:HTNL3DMXX:1:1101:1344:1532	39860922;1;G/A
chr8.G1	A00417:150:HTNL3DMXX:1:1101:13494:1470	37021193;1;T/C
chr8.G1	A00417:150:HTNL3DMXX:1:1101:13494:1470	37021194;1;A/G
chr10.G1	A00417:150:HTNL3DMXX:1:1101:13648:1266	42955208;1;C/T
chr8.G2	A00417:150:HTNL3DMXX:1:1101:13675:1251	37411715;1;A/G
chr17.G2	A00417:150:HTNL3DMXX:1:1101:13684:1485	68288656;1;G/A
chr4.G1	A00417:150:HTNL3DMXX:1:1101:1371:1110	20900869;1;T/C
chr7.G2	A00417:150:HTNL3DMXX:1:1101:13738:1485	33576250;1;G/A
chr6.G1	A00417:150:HTNL3DMXX:1:1101:13765:1188	27528598;1;C/T
chr6.G1	A00417:150:HTNL3DMXX:1:1101:13765:1188	27528600;1;C/T
chr6.G1	A00417:150:HTNL3DMXX:1:1101:13765:1188	27528601;1;C/A
chr8.G1	A00417:150:HTNL3DMXX:1:1101:13792:1047	38588351;1;C/T
chr3.G1	A00417:150:HTNL3DMXX:1:1101:13928:1219	15964576;1;A/T
chr9.G1	A00417:150:HTNL3DMXX:1:1101:13928:1344	41178475;1;C/T
chr8.G1	A00417:150:HTNL3DMXX:1:1101:13937:1642	38488681;1;A/G
chr11.G1	A00417:150:HTNL3DMXX:1:1101:13955:1078	49190748;1;A/G
chr4.G2	A00417:150:HTNL3DMXX:1:1101:13964:1658	19771568;1;A/C
chr5.G1	A00417:150:HTNL3DMXX:1:1101:14027:1391	25050494;1;C/T
chr5.G1	A00417:150:HTNL3DMXX:1:1101:14027:1391	25050495;1;G/A
chr10.G1	A00417:150:HTNL3DMXX:1:1101:1407:1360	44871572;1;T/C
chr17.G2	A00417:150:HTNL3DMXX:1:1101:14082:1360	68097454;1;T/G
chr17.G2	A00417:150:HTNL3DMXX:1:1101:14082:1360	68097455;1;C/A
chr1.G1	A00417:150:HTNL3DMXX:1:1101:14100:1485	5744995;1;A/G
chr1.G1	A00417:150:HTNL3DMXX:1:1101:14100:1485	5745249;1;T/G
chr1.G1	A00417:150:HTNL3DMXX:1:1101:14100:1485	5745250;1;T/A
chr1.G1	A00417:150:HTNL3DMXX:1:1101:14109:1532	5115424;1;G/A
chr7.G1	A00417:150:HTNL3DMXX:1:1101:14190:1517	33576250;1;G/A
chr4.G2	A00417:150:HTNL3DMXX:1:1101:14380:1063	20432560;1;T/C
chr7.G2	A00417:150:HTNL3DMXX:1:1101:14398:1219	31354682;1;A/G
chr4.G1	A00417:150:HTNL3DMXX:1:1101:14425:1548	19314470;1;C/T
chr7.G2	A00417:150:HTNL3DMXX:1:1101:14461:1110	30806018;1;A/T
chr7.G2	A00417:150:HTNL3DMXX:1:1101:14461:1110	30806019;1;A/C
chr3.G1	A00417:150:HTNL3DMXX:1:1101:14552:1078	15529888;1;C/T
chr3.G1	A00417:150:HTNL3DMXX:1:1101:14552:1078	15529889;1;C/T
chr3.G1	A00417:150:HTNL3DMXX:1:1101:14552:1078	15529892;1;T/A
chr3.G1	A00417:150:HTNL3DMXX:1:1101:14570:1172	12808290;1;G/A
chr3.G1	A00417:150:HTNL3DMXX:1:1101:14570:1172	12808291;1;A/C
chr4.G1	A00417:150:HTNL3DMXX:1:1101:14597:1094	20882247;1;A/C
chr4.G1	A00417:150:HTNL3DMXX:1:1101:14597:1094	20882248;1;T/C
chr4.G1	A00417:150:HTNL3DMXX:1:1101:14597:1094	20882249;1;T/C
chr17.G2	A00417:150:HTNL3DMXX:1:1101:14597:1282	68097454;1;T/G
chr17.G2	A00417:150:HTNL3DMXX:1:1101:14597:1282	68097455;1;C/A
chr4.G1	A00417:150:HTNL3DMXX:1:1101:14624:1204	20882247;1;A/C
chr4.G1	A00417:150:HTNL3DMXX:1:1101:14624:1204	20882248;1;T/C
chr4.G1	A00417:150:HTNL3DMXX:1:1101:14624:1204	20882249;1;T/C
chr7.G2	A00417:150:HTNL3DMXX:1:1101:1470:1470	34700106;1;A/G
chr7.G2	A00417:150:HTNL3DMXX:1:1101:1470:1470	34700107;1;T/C
chr16.G1	A00417:150:HTNL3DMXX:1:1101:14778:1501	64752452;1;A/T
chr17.G2	A00417:150:HTNL3DMXX:1:1101:14778:1532	68097454;1;T/G
chr17.G2	A00417:150:HTNL3DMXX:1:1101:14778:1532	68097455;1;C/A
chr7.G1	A00417:150:HTNL3DMXX:1:1101:14796:1626	33576250;1;G/A
chr10.G1	A00417:150:HTNL3DMXX:1:1101:14832:1595	44874310;1;A/G
chr2.G2	A00417:150:HTNL3DMXX:1:1101:14868:1626	6729752;1;A/G
chr7.G2	A00417:150:HTNL3DMXX:1:1101:1488:1470	34700106;1;A/G
chr7.G2	A00417:150:HTNL3DMXX:1:1101:1488:1470	34700107;1;T/C
chr11.G1	A00417:150:HTNL3DMXX:1:1101:14886:1532	49187687;1;A/G
chr11.G1	A00417:150:HTNL3DMXX:1:1101:14886:1532	49187688;1;G/A
chr10.G2	A00417:150:HTNL3DMXX:1:1101:14959:1188	44222951;1;A/G
chr18.G1	A00417:150:HTNL3DMXX:1:1101:15040:1579	70615903;1;T/C
chr18.G1	A00417:150:HTNL3DMXX:1:1101:15040:1579	70615904;1;A/G
chr8.G1	A00417:150:HTNL3DMXX:1:1101:15049:1251	38409593;1;C/T
chr8.G1	A00417:150:HTNL3DMXX:1:1101:15049:1251	38409595;1;G/C
chr19.G2	A00417:150:HTNL3DMXX:1:1101:15049:1407	74142503;1;C/T
chr15.G2	A00417:150:HTNL3DMXX:1:1101:1506:1157	63598323;1;G/A
chr15.G2	A00417:150:HTNL3DMXX:1:1101:1506:1157	63598324;1;T/G
chr17.G2	A00417:150:HTNL3DMXX:1:1101:15094:1297	69990315;1;C/G
chr9.G2	A00417:150:HTNL3DMXX:1:1101:15112:1016	41932766;1;A/G
chr8.G1	A00417:150:HTNL3DMXX:1:1101:15139:1564	35057151;1;G/C
chr8.G1	A00417:150:HTNL3DMXX:1:1101:15139:1564	35057153;1;T/G
chr10.G2	A00417:150:HTNL3DMXX:1:1101:15148:1204	43372767;1;G/A
chr10.G2	A00417:150:HTNL3DMXX:1:1101:15148:1204	43372768;1;C/T
chr10.G2	A00417:150:HTNL3DMXX:1:1101:15148:1204	43372773;1;C/T
chr4.G2	A00417:150:HTNL3DMXX:1:1101:15248:1376	19986157;1;T/C
chr9.G1	A00417:150:HTNL3DMXX:1:1101:15347:1517	40328263;1;C/T
chr5.G1	A00417:150:HTNL3DMXX:1:1101:15429:1282	22938917;1;A/T
chr4.G1	A00417:150:HTNL3DMXX:1:1101:15429:1470	18947044;1;A/C
chr4.G1	A00417:150:HTNL3DMXX:1:1101:15429:1470	18947045;1;T/A
chr1.G1	A00417:150:HTNL3DMXX:1:1101:15447:1595	4208315;1;A/G
chr3.G1	A00417:150:HTNL3DMXX:1:1101:1551:1110	15645999;1;C/T
chr3.G1	A00417:150:HTNL3DMXX:1:1101:1561:1564	15262273;1;G/A
chr3.G1	A00417:150:HTNL3DMXX:1:1101:1561:1564	15262274;1;A/C
chr3.G1	A00417:150:HTNL3DMXX:1:1101:1561:1564	15262275;1;A/G
chr7.G2	A00417:150:HTNL3DMXX:1:1101:15727:1110	30596041;1;C/A
chr16.G1	A00417:150:HTNL3DMXX:1:1101:15745:1235	65970365;1;T/C
chr16.G1	A00417:150:HTNL3DMXX:1:1101:15745:1235	65970366;1;T/C
chr16.G1	A00417:150:HTNL3DMXX:1:1101:15745:1235	65970367;1;T/A
chr7.G1	A00417:150:HTNL3DMXX:1:1101:15754:1407	33576250;1;G/A
chr1.G2	A00417:150:HTNL3DMXX:1:1101:15872:1391	1884358;1;T/G
chr1.G2	A00417:150:HTNL3DMXX:1:1101:15872:1391	1884359;1;T/G
chr2.G2	A00417:150:HTNL3DMXX:1:1101:15935:1501	9702420;1;C/T
chr2.G2	A00417:150:HTNL3DMXX:1:1101:15935:1501	9702423;1;T/G
chr2.G2	A00417:150:HTNL3DMXX:1:1101:15935:1501	9702426;1;G/A
chr7.G1	A00417:150:HTNL3DMXX:1:1101:15971:1595	31646054;1;T/C
chr7.G1	A00417:150:HTNL3DMXX:1:1101:15971:1595	31646056;1;C/T
chr16.G1	A00417:150:HTNL3DMXX:1:1101:16062:1188	64752116;1;A/G
chr7.G2	A00417:150:HTNL3DMXX:1:1101:16116:1438	33454810;1;G/A
chr9.G1	A00417:150:HTNL3DMXX:1:1101:16125:1078	40084758;1;T/C
chr8.G1	A00417:150:HTNL3DMXX:1:1101:16197:1517	38529937;1;A/T
chr3.G1	A00417:150:HTNL3DMXX:1:1101:16215:1172	14537727;1;A/C
chr8.G2	A00417:150:HTNL3DMXX:1:1101:16224:1658	35107838;1;A/G
chr10.G1	A00417:150:HTNL3DMXX:1:1101:16242:1251	46033274;1;T/C
chr8.G1	A00417:150:HTNL3DMXX:1:1101:16324:1204	37417049;1;G/C
chr10.G1	A00417:150:HTNL3DMXX:1:1101:16396:1141	46375739;1;T/C
chr10.G1	A00417:150:HTNL3DMXX:1:1101:16396:1141	46375740;1;C/T
chr7.G1	A00417:150:HTNL3DMXX:1:1101:16396:1266	31646054;1;T/C
chr7.G1	A00417:150:HTNL3DMXX:1:1101:16396:1266	31646056;1;C/T
chr11.G1	A00417:150:HTNL3DMXX:1:1101:1642:1204	47972929;1;C/T
chr9.G1	A00417:150:HTNL3DMXX:1:1101:16468:1579	42140944;1;T/C
chr14.G2	A00417:150:HTNL3DMXX:1:1101:16477:1626	60471093;1;A/T
chr17.G1	A00417:150:HTNL3DMXX:1:1101:16504:1204	70155022;1;G/T
chr4.G2	A00417:150:HTNL3DMXX:1:1101:1651:1501	20235706;1;G/C
chr4.G1	A00417:150:HTNL3DMXX:1:1101:16649:1391	16292229;1;C/T
chr15.G1	A00417:150:HTNL3DMXX:1:1101:16676:1564	61892494;1;C/T
chr9.G1	A00417:150:HTNL3DMXX:1:1101:16703:1454	42140944;1;T/C
chr19.G2	A00417:150:HTNL3DMXX:1:1101:16776:1235	73131972;1;C/T
chr11.G1	A00417:150:HTNL3DMXX:1:1101:16785:1157	49557743;1;C/T
chr8.G2	A00417:150:HTNL3DMXX:1:1101:16785:1438	35107838;1;A/G
chr14.G1	A00417:150:HTNL3DMXX:1:1101:16794:1548	60472517;1;T/G
chr1.G2	A00417:150:HTNL3DMXX:1:1101:16821:1157	5529191;1;G/A
chr1.G2	A00417:150:HTNL3DMXX:1:1101:16821:1157	5529192;1;C/T
chr13.G1	A00417:150:HTNL3DMXX:1:1101:16938:1454	54435459;1;T/C
chr19.G1	A00417:150:HTNL3DMXX:1:1101:16957:1642	73897870;1;T/C
chr18.G1	A00417:150:HTNL3DMXX:1:1101:17056:1407	70646411;1;G/A
chr3.G1	A00417:150:HTNL3DMXX:1:1101:17128:1219	15529892;1;T/A
chr4.G1	A00417:150:HTNL3DMXX:1:1101:17137:1016	17906584;1;C/T
chr9.G1	A00417:150:HTNL3DMXX:1:1101:17146:1470	41932125;1;T/G
chr10.G2	A00417:150:HTNL3DMXX:1:1101:17210:1141	43164690;1;T/C
chr10.G2	A00417:150:HTNL3DMXX:1:1101:17210:1141	43164692;1;A/G
chr9.G1	A00417:150:HTNL3DMXX:1:1101:17246:1078	38944381;1;G/A
chr10.G2	A00417:150:HTNL3DMXX:1:1101:17291:1438	43164690;1;T/C
chr10.G2	A00417:150:HTNL3DMXX:1:1101:17291:1438	43164692;1;A/G
chr10.G2	A00417:150:HTNL3DMXX:1:1101:17318:1141	43757206;1;A/G
chr8.G1	A00417:150:HTNL3DMXX:1:1101:17318:1611	37019412;1;C/G
chr11.G1	A00417:150:HTNL3DMXX:1:1101:17318:1642	48129178;1;G/T
chr9.G1	A00417:150:HTNL3DMXX:1:1101:17327:1157	42148835;1;T/G
chr2.G1	A00417:150:HTNL3DMXX:1:1101:17381:1125	10483109;1;C/T
chr8.G2	A00417:150:HTNL3DMXX:1:1101:1741:1282	35459390;1;C/T
chr8.G2	A00417:150:HTNL3DMXX:1:1101:1741:1282	35459391;1;G/A
chr4.G1	A00417:150:HTNL3DMXX:1:1101:17445:1235	18513012;1;T/C
chr13.G1	A00417:150:HTNL3DMXX:1:1101:17472:1282	56654345;1;T/C
chr2.G2	A00417:150:HTNL3DMXX:1:1101:17499:1110	9456720;1;T/G
chr2.G1	A00417:150:HTNL3DMXX:1:1101:17526:1532	8013322;1;G/A
chr2.G1	A00417:150:HTNL3DMXX:1:1101:17526:1532	8013324;1;T/C
chr9.G1	A00417:150:HTNL3DMXX:1:1101:17580:1094	42363000;1;G/C
chr17.G1	A00417:150:HTNL3DMXX:1:1101:17607:1485	68097444;1;T/G
chr17.G1	A00417:150:HTNL3DMXX:1:1101:17607:1485	68097445;1;C/T
chr17.G1	A00417:150:HTNL3DMXX:1:1101:17607:1485	68097446;1;G/C
chr9.G1	A00417:150:HTNL3DMXX:1:1101:17635:1188	40717491;1;C/T
chr7.G1	A00417:150:HTNL3DMXX:1:1101:1768:1579	34758862;1;A/G
chr7.G1	A00417:150:HTNL3DMXX:1:1101:1768:1579	34758863;1;C/G
chr19.G2	A00417:150:HTNL3DMXX:1:1101:17788:1204	73238967;1;G/A
chr19.G2	A00417:150:HTNL3DMXX:1:1101:17788:1423	74169422;1;C/T
chr1.G2	A00417:150:HTNL3DMXX:1:1101:17870:1470	5189145;1;A/G
chr15.G1	A00417:150:HTNL3DMXX:1:1101:1787:1611	63725037;1;C/G
chr9.G1	A00417:150:HTNL3DMXX:1:1101:17888:1344	41916860;1;T/C
chr2.G1	A00417:150:HTNL3DMXX:1:1101:17897:1016	8591412;1;C/T
chr2.G1	A00417:150:HTNL3DMXX:1:1101:17996:1376	10381922;1;T/C
chr2.G1	A00417:150:HTNL3DMXX:1:1101:17996:1376	10381924;1;A/T
chr5.G2	A00417:150:HTNL3DMXX:1:1101:18005:1047	21773999;1;G/C
chr13.G2	A00417:150:HTNL3DMXX:1:1101:18014:1564	56135916;1;T/C
chr7.G2	A00417:150:HTNL3DMXX:1:1101:18078:1423	31637189;1;C/T
chr14.G1	A00417:150:HTNL3DMXX:1:1101:18105:1000	59140413;1;G/C
chr4.G1	A00417:150:HTNL3DMXX:1:1101:18123:1188	20177235;1;A/T
chr11.G1	A00417:150:HTNL3DMXX:1:1101:18132:1642	49527585;1;C/A
chr16.G2	A00417:150:HTNL3DMXX:1:1101:18141:1376	67213649;1;A/G
chr16.G2	A00417:150:HTNL3DMXX:1:1101:18141:1376	67213650;1;A/G
chr5.G1	A00417:150:HTNL3DMXX:1:1101:18304:1438	24979324;1;T/A
chr11.G1	A00417:150:HTNL3DMXX:1:1101:18313:1204	47789749;1;T/C
chr4.G2	A00417:150:HTNL3DMXX:1:1101:18331:1297	20197519;1;A/C
chr4.G2	A00417:150:HTNL3DMXX:1:1101:18331:1297	20197520;1;C/T
chr4.G2	A00417:150:HTNL3DMXX:1:1101:18331:1297	20197521;1;C/T
chr18.G1	A00417:150:HTNL3DMXX:1:1101:18421:1297	72319946;1;G/C
chr18.G1	A00417:150:HTNL3DMXX:1:1101:18421:1297	72319947;1;A/G
chr18.G1	A00417:150:HTNL3DMXX:1:1101:18421:1297	72319948;1;G/T
chr7.G2	A00417:150:HTNL3DMXX:1:1101:18421:1548	33454810;1;G/A
chr7.G2	A00417:150:HTNL3DMXX:1:1101:18421:1548	33454826;1;A/G
chr18.G2	A00417:150:HTNL3DMXX:1:1101:1850:1626	72736823;1;G/A
chr11.G2	A00417:150:HTNL3DMXX:1:1101:18539:1000	49187686;1;A/G
chr1.G2	A00417:150:HTNL3DMXX:1:1101:18557:1532	2300004;1;T/A
chr1.G2	A00417:150:HTNL3DMXX:1:1101:18557:1532	2300006;1;A/G
chr1.G2	A00417:150:HTNL3DMXX:1:1101:18557:1532	2300007;1;A/G
chr6.G1	A00417:150:HTNL3DMXX:1:1101:18602:1141	28363189;1;A/G
chr6.G1	A00417:150:HTNL3DMXX:1:1101:18602:1141	28363190;1;T/C
chr6.G1	A00417:150:HTNL3DMXX:1:1101:18602:1141	28363191;1;T/C
chr16.G1	A00417:150:HTNL3DMXX:1:1101:18647:1000	66566689;1;T/C
chr16.G1	A00417:150:HTNL3DMXX:1:1101:18647:1000	66566690;1;G/A
chr16.G1	A00417:150:HTNL3DMXX:1:1101:18647:1000	66566691;1;C/G
chr16.G1	A00417:150:HTNL3DMXX:1:1101:18647:1000	66566692;1;C/T
chr16.G1	A00417:150:HTNL3DMXX:1:1101:18647:1000	66566693;1;A/G
chr5.G1	A00417:150:HTNL3DMXX:1:1101:18701:1063	22170830;1;T/A
chr17.G1	A00417:150:HTNL3DMXX:1:1101:18719:1501	69860397;1;G/T
chr10.G2	A00417:150:HTNL3DMXX:1:1101:18728:1204	44862467;1;A/G
chr11.G1	A00417:150:HTNL3DMXX:1:1101:18792:1470	49205302;1;T/G
chr2.G2	A00417:150:HTNL3DMXX:1:1101:18801:1235	9455266;1;A/G
chr2.G2	A00417:150:HTNL3DMXX:1:1101:1886:1125	10438573;1;G/A
chr14.G1	A00417:150:HTNL3DMXX:1:1101:1886:1407	58808340;1;A/T
chr1.G1	A00417:150:HTNL3DMXX:1:1101:18882:1063	2383746;1;T/C
chr12.G1	A00417:150:HTNL3DMXX:1:1101:18891:1297	50630006;1;A/G
chr1.G1	A00417:150:HTNL3DMXX:1:1101:18936:1031	3704027;1;A/G
chr4.G1	A00417:150:HTNL3DMXX:1:1101:18945:1172	18512920;1;C/A
chr4.G1	A00417:150:HTNL3DMXX:1:1101:18945:1172	18512924;1;C/T
chr9.G2	A00417:150:HTNL3DMXX:1:1101:19027:1626	40428056;1;T/A
chr9.G2	A00417:150:HTNL3DMXX:1:1101:19027:1626	40428057;1;T/A
chr2.G1	A00417:150:HTNL3DMXX:1:1101:19090:1141	9255721;1;T/G
chr2.G1	A00417:150:HTNL3DMXX:1:1101:19090:1141	9255723;1;T/C
chr19.G1	A00417:150:HTNL3DMXX:1:1101:19144:1517	73085945;1;A/G
chr14.G1	A00417:150:HTNL3DMXX:1:1101:19180:1047	57840547;1;C/G
chr6.G1	A00417:150:HTNL3DMXX:1:1101:19199:1297	26352830;1;C/T
chr6.G1	A00417:150:HTNL3DMXX:1:1101:19199:1297	26352831;1;A/G
chr16.G2	A00417:150:HTNL3DMXX:1:1101:19262:1063	65933023;1;C/T
chr7.G2	A00417:150:HTNL3DMXX:1:1101:19388:1344	33576250;1;G/A
chr3.G1	A00417:150:HTNL3DMXX:1:1101:19397:1047	14395731;1;G/A
chr18.G1	A00417:150:HTNL3DMXX:1:1101:19397:1611	70466845;1;G/A
chr19.G1	A00417:150:HTNL3DMXX:1:1101:1940:1063	74119310;1;C/T
chr19.G1	A00417:150:HTNL3DMXX:1:1101:1940:1063	74119313;1;A/G
chr19.G1	A00417:150:HTNL3DMXX:1:1101:1940:1063	74119315;1;A/G
chr9.G1	A00417:150:HTNL3DMXX:1:1101:19443:1251	40298615;1;A/G
chr1.G1	A00417:150:HTNL3DMXX:1:1101:19515:1031	5469146;1;G/C
chr11.G1	A00417:150:HTNL3DMXX:1:1101:19515:1063	47362995;1;C/T
chr12.G2	A00417:150:HTNL3DMXX:1:1101:19524:1454	52154215;1;G/A
chr9.G1	A00417:150:HTNL3DMXX:1:1101:19569:1532	40841051;1;T/A
chr7.G1	A00417:150:HTNL3DMXX:1:1101:19596:1579	34101166;1;C/A
chr17.G2	A00417:150:HTNL3DMXX:1:1101:19642:1282	67664336;1;T/C
chr4.G1	A00417:150:HTNL3DMXX:1:1101:19813:1517	18513012;1;T/C
chr13.G1	A00417:150:HTNL3DMXX:1:1101:19949:1251	55297809;1;G/A
chr1.G1	A00417:150:HTNL3DMXX:1:1101:19958:1297	2517039;1;C/G
chr10.G1	A00417:150:HTNL3DMXX:1:1101:19976:1235	44318765;1;G/A
chr16.G1	A00417:150:HTNL3DMXX:1:1101:20094:1595	64387803;1;T/C
chr2.G1	A00417:150:HTNL3DMXX:1:1101:20166:1282	8604529;1;G/A
chr11.G1	A00417:150:HTNL3DMXX:1:1101:20184:1470	49187646;1;G/A
chr11.G1	A00417:150:HTNL3DMXX:1:1101:20184:1470	49187647;1;G/T
chr7.G1	A00417:150:HTNL3DMXX:1:1101:20211:1329	31013853;1;C/T
chr4.G1	A00417:150:HTNL3DMXX:1:1101:20220:1251	20193854;1;T/A
chr2.G2	A00417:150:HTNL3DMXX:1:1101:20292:1470	10711306;1;A/G
chr2.G2	A00417:150:HTNL3DMXX:1:1101:20292:1470	10711307;1;G/A
chr1.G2	A00417:150:HTNL3DMXX:1:1101:20302:1016	5764825;1;C/T
chr1.G2	A00417:150:HTNL3DMXX:1:1101:20356:1172	4161243;1;T/C
chr17.G1	A00417:150:HTNL3DMXX:1:1101:20365:1282	67960831;1;A/G
chr1.G1	A00417:150:HTNL3DMXX:1:1101:20383:1564	5222987;1;C/T
chr18.G1	A00417:150:HTNL3DMXX:1:1101:20401:1251	70546510;1;G/T
chr18.G1	A00417:150:HTNL3DMXX:1:1101:20401:1251	70546512;1;G/A
chr18.G1	A00417:150:HTNL3DMXX:1:1101:20401:1251	70546513;1;G/T
chr7.G1	A00417:150:HTNL3DMXX:1:1101:20437:1125	34731600;1;C/T
chr3.G1	A00417:150:HTNL3DMXX:1:1101:20482:1172	15718434;1;T/G
chr8.G2	A00417:150:HTNL3DMXX:1:1101:20537:1329	38584030;1;C/T
chr8.G2	A00417:150:HTNL3DMXX:1:1101:20537:1329	38584032;1;G/A
chr18.G1	A00417:150:HTNL3DMXX:1:1101:20573:1110	72120361;1;G/A
chr4.G2	A00417:150:HTNL3DMXX:1:1101:2058:1110	20882687;1;C/T
chr4.G2	A00417:150:HTNL3DMXX:1:1101:2058:1110	20882690;1;T/A
chr4.G2	A00417:150:HTNL3DMXX:1:1101:2058:1110	20882692;1;A/C
chr18.G2	A00417:150:HTNL3DMXX:1:1101:20636:1501	71656533;1;C/G
chr12.G2	A00417:150:HTNL3DMXX:1:1101:2067:1282	52451894;1;C/T
chr7.G1	A00417:150:HTNL3DMXX:1:1101:2067:1658	30798217;1;G/A
chr7.G1	A00417:150:HTNL3DMXX:1:1101:2067:1658	30798218;1;C/T
chr7.G2	A00417:150:HTNL3DMXX:1:1101:20889:1031	30596041;1;C/A
chr11.G1	A00417:150:HTNL3DMXX:1:1101:20934:1078	47099653;1;C/G
chr7.G1	A00417:150:HTNL3DMXX:1:1101:20989:1517	34741798;1;G/A
chr7.G1	A00417:150:HTNL3DMXX:1:1101:21016:1313	31692075;1;C/T
chr17.G1	A00417:150:HTNL3DMXX:1:1101:21016:1407	67664336;1;T/C
chr5.G1	A00417:150:HTNL3DMXX:1:1101:21016:1532	23167458;1;A/G
chr7.G2	A00417:150:HTNL3DMXX:1:1101:21025:1611	33837249;1;A/G
chr13.G2	A00417:150:HTNL3DMXX:1:1101:21034:1595	55968621;1;G/A
chr3.G1	A00417:150:HTNL3DMXX:1:1101:21088:1031	12812845;1;C/T
chr9.G1	A00417:150:HTNL3DMXX:1:1101:21106:1438	40698691;1;A/G
chr5.G1	A00417:150:HTNL3DMXX:1:1101:21296:1423	24321039;1;C/A
chr5.G1	A00417:150:HTNL3DMXX:1:1101:21296:1423	24321040;1;A/C
chr17.G2	A00417:150:HTNL3DMXX:1:1101:21314:1141	68725497;1;T/C
chr6.G1	A00417:150:HTNL3DMXX:1:1101:21359:1188	30277192;1;C/T
chr1.G1	A00417:150:HTNL3DMXX:1:1101:21368:1454	3707227;1;G/T
chr1.G1	A00417:150:HTNL3DMXX:1:1101:21368:1454	3707228;1;G/A
chr13.G1	A00417:150:HTNL3DMXX:1:1101:21404:1485	55376057;1;A/C
chr14.G1	A00417:150:HTNL3DMXX:1:1101:21441:1297	59333982;1;A/G
chr14.G1	A00417:150:HTNL3DMXX:1:1101:21441:1297	59333984;1;A/G
chr14.G1	A00417:150:HTNL3DMXX:1:1101:21441:1297	59333985;1;C/T
chr7.G1	A00417:150:HTNL3DMXX:1:1101:21486:1501	34701853;1;A/G
chr7.G1	A00417:150:HTNL3DMXX:1:1101:21486:1501	34701856;1;T/C
chr19.G1	A00417:150:HTNL3DMXX:1:1101:21504:1313	74865380;1;G/C
chr12.G2	A00417:150:HTNL3DMXX:1:1101:21676:1141	52371581;1;G/T
chr1.G1	A00417:150:HTNL3DMXX:1:1101:2175:1031	5529191;1;G/A
chr19.G1	A00417:150:HTNL3DMXX:1:1101:21757:1658	74414623;1;A/G
chr19.G1	A00417:150:HTNL3DMXX:1:1101:21757:1658	74414624;1;T/C
chr19.G1	A00417:150:HTNL3DMXX:1:1101:21757:1658	74414625;1;G/A
chr19.G1	A00417:150:HTNL3DMXX:1:1101:21757:1658	74414626;1;G/T
chr19.G1	A00417:150:HTNL3DMXX:1:1101:21757:1658	74414627;1;A/C
chr8.G1	A00417:150:HTNL3DMXX:1:1101:21838:1517	37427060;1;A/T
chr8.G1	A00417:150:HTNL3DMXX:1:1101:21838:1517	37427061;1;T/A
chr11.G1	A00417:150:HTNL3DMXX:1:1101:2184:1047	48529723;1;A/G
chr5.G2	A00417:150:HTNL3DMXX:1:1101:2193:1658	24352928;1;T/G
chr5.G2	A00417:150:HTNL3DMXX:1:1101:2193:1658	24352929;1;G/C
chr5.G2	A00417:150:HTNL3DMXX:1:1101:2193:1658	24352930;1;T/C
chr5.G2	A00417:150:HTNL3DMXX:1:1101:2193:1658	24352935;1;G/A
chr5.G2	A00417:150:HTNL3DMXX:1:1101:2193:1658	24352936;1;C/T
chr4.G1	A00417:150:HTNL3DMXX:1:1101:22019:1078	19740741;1;T/C
chr13.G2	A00417:150:HTNL3DMXX:1:1101:22019:1642	56001117;1;T/C
chr4.G2	A00417:150:HTNL3DMXX:1:1101:22037:1078	20162335;1;C/A
chr9.G1	A00417:150:HTNL3DMXX:1:1101:22046:1282	40263126;1;T/C
chr5.G1	A00417:150:HTNL3DMXX:1:1101:22046:1595	24505388;1;T/C
chr5.G1	A00417:150:HTNL3DMXX:1:1101:22046:1595	24505389;1;T/C
chr4.G1	A00417:150:HTNL3DMXX:1:1101:22101:1188	20234076;1;G/A
chr4.G1	A00417:150:HTNL3DMXX:1:1101:22101:1188	20234077;1;C/T
chr4.G1	A00417:150:HTNL3DMXX:1:1101:22101:1188	20234079;1;C/T
chr4.G1	A00417:150:HTNL3DMXX:1:1101:22146:1172	19696085;1;G/A
chr5.G1	A00417:150:HTNL3DMXX:1:1101:22191:1000	23836703;1;A/C
chr6.G1	A00417:150:HTNL3DMXX:1:1101:22245:1157	26470563;1;A/G
chr3.G1	A00417:150:HTNL3DMXX:1:1101:22281:1125	13947906;1;C/T
chr1.G2	A00417:150:HTNL3DMXX:1:1101:22290:1141	5956299;1;C/T
chr3.G1	A00417:150:HTNL3DMXX:1:1101:2239:1297	15278238;1;G/T
chr3.G1	A00417:150:HTNL3DMXX:1:1101:2239:1297	15278239;1;G/A
chr6.G1	A00417:150:HTNL3DMXX:1:1101:22399:1172	26334364;1;G/A
chr6.G1	A00417:150:HTNL3DMXX:1:1101:22399:1172	26334365;1;C/T
chr17.G2	A00417:150:HTNL3DMXX:1:1101:22417:1423	67596299;1;A/T
chr6.G1	A00417:150:HTNL3DMXX:1:1101:22598:1016	26428231;1;G/C
chr3.G1	A00417:150:HTNL3DMXX:1:1101:22598:1047	15964367;1;C/G
chr3.G1	A00417:150:HTNL3DMXX:1:1101:22598:1047	15964369;1;A/G
chr12.G2	A00417:150:HTNL3DMXX:1:1101:22598:1423	52986105;1;A/G
chr12.G2	A00417:150:HTNL3DMXX:1:1101:22607:1407	52986105;1;A/G
chr19.G1	A00417:150:HTNL3DMXX:1:1101:2266:1407	73153394;1;A/G
chr19.G1	A00417:150:HTNL3DMXX:1:1101:2266:1407	73153396;1;T/C
chr7.G1	A00417:150:HTNL3DMXX:1:1101:22670:1579	30589074;1;T/G
chr4.G2	A00417:150:HTNL3DMXX:1:1101:22779:1423	17115392;1;G/T
chr4.G2	A00417:150:HTNL3DMXX:1:1101:22779:1423	17115393;1;C/G
chr6.G1	A00417:150:HTNL3DMXX:1:1101:22797:1016	27535297;1;A/G
chr6.G1	A00417:150:HTNL3DMXX:1:1101:22887:1548	29248197;1;G/A
chr6.G1	A00417:150:HTNL3DMXX:1:1101:22887:1548	29248200;1;T/C
chr4.G1	A00417:150:HTNL3DMXX:1:1101:2293:1391	18512981;1;C/T
chr13.G1	A00417:150:HTNL3DMXX:1:1101:22932:1094	54996227;1;G/A
chr13.G1	A00417:150:HTNL3DMXX:1:1101:22932:1094	54996228;1;G/A
chr6.G1	A00417:150:HTNL3DMXX:1:1101:23050:1141	28876881;1;T/G
chr10.G1	A00417:150:HTNL3DMXX:1:1101:23176:1204	45180028;1;G/A
chr2.G2	A00417:150:HTNL3DMXX:1:1101:23303:1078	8172365;1;C/G
chr7.G1	A00417:150:HTNL3DMXX:1:1101:23330:1000	33454810;1;G/A
chr7.G1	A00417:150:HTNL3DMXX:1:1101:23330:1000	33454826;1;A/G
chr5.G1	A00417:150:HTNL3DMXX:1:1101:23520:1204	23438319;1;A/T
chr5.G1	A00417:150:HTNL3DMXX:1:1101:23520:1204	23438320;1;A/T
chr14.G1	A00417:150:HTNL3DMXX:1:1101:23547:1532	58810099;1;C/T
chr7.G1	A00417:150:HTNL3DMXX:1:1101:23647:1235	31637189;1;C/T
chr7.G1	A00417:150:HTNL3DMXX:1:1101:23674:1000	31692075;1;C/T
chr7.G1	A00417:150:HTNL3DMXX:1:1101:23701:1110	31646054;1;T/C
chr7.G1	A00417:150:HTNL3DMXX:1:1101:23701:1110	31646056;1;C/T
chr2.G2	A00417:150:HTNL3DMXX:1:1101:23701:1548	8031240;1;C/T
chr2.G2	A00417:150:HTNL3DMXX:1:1101:23701:1548	8031241;1;T/C
chr2.G2	A00417:150:HTNL3DMXX:1:1101:23701:1548	8031242;1;A/G
chr15.G2	A00417:150:HTNL3DMXX:1:1101:23728:1407	61321613;1;C/T
chr3.G1	A00417:150:HTNL3DMXX:1:1101:23728:1532	15970191;1;T/C
chr5.G2	A00417:150:HTNL3DMXX:1:1101:23746:1219	21821831;1;T/A
chr10.G2	A00417:150:HTNL3DMXX:1:1101:23782:1125	43731870;1;C/A
chr10.G2	A00417:150:HTNL3DMXX:1:1101:23782:1125	43731872;1;C/T
chr10.G2	A00417:150:HTNL3DMXX:1:1101:23782:1125	43731873;1;G/A
chr9.G2	A00417:150:HTNL3DMXX:1:1101:23791:1266	40172483;1;C/A
chr9.G2	A00417:150:HTNL3DMXX:1:1101:23791:1266	40172487;1;G/C
chr2.G1	A00417:150:HTNL3DMXX:1:1101:23909:1219	7965635;1;T/A
chr7.G2	A00417:150:HTNL3DMXX:1:1101:23981:1626	33576250;1;G/A
chr1.G1	A00417:150:HTNL3DMXX:1:1101:23999:1125	124681;1;G/A
chr14.G1	A00417:150:HTNL3DMXX:1:1101:24017:1063	59117883;1;T/C
chr17.G1	A00417:150:HTNL3DMXX:1:1101:24035:1407	68273849;1;T/G
chr3.G2	A00417:150:HTNL3DMXX:1:1101:24044:1579	15718434;1;T/G
chr2.G1	A00417:150:HTNL3DMXX:1:1101:2410:1188	8284631;1;G/C
chr7.G2	A00417:150:HTNL3DMXX:1:1101:24135:1517	33576250;1;G/A
chr2.G1	A00417:150:HTNL3DMXX:1:1101:24153:1391	10357744;1;G/T
chr6.G1	A00417:150:HTNL3DMXX:1:1101:24243:1611	27535297;1;A/G
chr5.G2	A00417:150:HTNL3DMXX:1:1101:24261:1548	23003871;1;C/A
chr15.G2	A00417:150:HTNL3DMXX:1:1101:2428:1407	62765779;1;C/T
chr19.G2	A00417:150:HTNL3DMXX:1:1101:24415:1407	74142501;1;T/C
chr19.G2	A00417:150:HTNL3DMXX:1:1101:24415:1407	74142502;1;C/T
chr8.G1	A00417:150:HTNL3DMXX:1:1101:2456:1235	38600933;1;G/A
chr6.G1	A00417:150:HTNL3DMXX:1:1101:24740:1000	26334365;1;C/T
chr4.G1	A00417:150:HTNL3DMXX:1:1101:24758:1313	19693062;1;C/G
chr12.G2	A00417:150:HTNL3DMXX:1:1101:24777:1501	52444329;1;T/A
chr6.G1	A00417:150:HTNL3DMXX:1:1101:24795:1063	27535297;1;A/G
chr7.G1	A00417:150:HTNL3DMXX:1:1101:2483:1157	33576250;1;G/A
chr8.G1	A00417:150:HTNL3DMXX:1:1101:24876:1548	38586127;1;C/A
chr8.G1	A00417:150:HTNL3DMXX:1:1101:24876:1548	38586128;1;C/T
chr17.G1	A00417:150:HTNL3DMXX:1:1101:2501:1251	68097454;1;T/G
chr17.G1	A00417:150:HTNL3DMXX:1:1101:2501:1251	68097455;1;C/A
chr9.G1	A00417:150:HTNL3DMXX:1:1101:25021:1172	40847598;1;A/C
chr6.G1	A00417:150:HTNL3DMXX:1:1101:25039:1391	27778488;1;C/T
chr6.G1	A00417:150:HTNL3DMXX:1:1101:25039:1391	27778490;1;G/A
chr7.G1	A00417:150:HTNL3DMXX:1:1101:25075:1423	33576250;1;G/A
chr7.G1	A00417:150:HTNL3DMXX:1:1101:25084:1125	33454774;1;T/C
chr7.G1	A00417:150:HTNL3DMXX:1:1101:25084:1125	33454779;1;T/A
chr8.G1	A00417:150:HTNL3DMXX:1:1101:25084:1407	38627853;1;A/G
chr18.G1	A00417:150:HTNL3DMXX:1:1101:25093:1517	70862880;1;T/A
chr15.G2	A00417:150:HTNL3DMXX:1:1101:25120:1501	62917016;1;C/T
chr3.G1	A00417:150:HTNL3DMXX:1:1101:25201:1423	13948745;1;A/C
chr3.G1	A00417:150:HTNL3DMXX:1:1101:25201:1423	13948746;1;G/A
chr19.G1	A00417:150:HTNL3DMXX:1:1101:25247:1063	73116774;1;C/A
chr8.G1	A00417:150:HTNL3DMXX:1:1101:2528:1141	38588354;1;T/C
chr4.G1	A00417:150:HTNL3DMXX:1:1101:25292:1548	16846975;1;G/A
chr4.G1	A00417:150:HTNL3DMXX:1:1101:25292:1548	16846977;1;C/T
chr5.G1	A00417:150:HTNL3DMXX:1:1101:25346:1423	23885549;1;A/G
chr15.G1	A00417:150:HTNL3DMXX:1:1101:2537:1564	63725037;1;C/G
chr16.G2	A00417:150:HTNL3DMXX:1:1101:25391:1376	66451903;1;T/A
chr16.G2	A00417:150:HTNL3DMXX:1:1101:25391:1376	66451905;1;G/C
chrX.G2	A00417:150:HTNL3DMXX:1:1101:25391:1407	77014487;1;A/C
chr8.G1	A00417:150:HTNL3DMXX:1:1101:25590:1251	34811263;1;G/T
chr7.G1	A00417:150:HTNL3DMXX:1:1101:25617:1204	33576250;1;G/A
chr5.G1	A00417:150:HTNL3DMXX:1:1101:25635:1454	24560320;1;C/T
chr5.G1	A00417:150:HTNL3DMXX:1:1101:25635:1454	24560321;1;C/T
chr5.G1	A00417:150:HTNL3DMXX:1:1101:25635:1454	24560322;1;A/T
chr1.G2	A00417:150:HTNL3DMXX:1:1101:25717:1313	2604262;1;C/T
chr1.G2	A00417:150:HTNL3DMXX:1:1101:25717:1313	2604263;1;G/T
chr1.G2	A00417:150:HTNL3DMXX:1:1101:25717:1313	2604264;1;T/C
chr16.G1	A00417:150:HTNL3DMXX:1:1101:25726:1329	67206251;1;G/C
chr16.G1	A00417:150:HTNL3DMXX:1:1101:25726:1329	67206252;1;T/C
chr10.G1	A00417:150:HTNL3DMXX:1:1101:2573:1376	46007496;1;A/T
chr7.G1	A00417:150:HTNL3DMXX:1:1101:25735:1470	33576250;1;G/A
chr3.G1	A00417:150:HTNL3DMXX:1:1101:25789:1564	15718434;1;T/G
chr1.G1	A00417:150:HTNL3DMXX:1:1101:2591:1188	4161243;1;T/C
chr1.G2	A00417:150:HTNL3DMXX:1:1101:25934:1251	4711971;1;G/A
chr17.G1	A00417:150:HTNL3DMXX:1:1101:25988:1532	69851970;1;G/A
chr19.G2	A00417:150:HTNL3DMXX:1:1101:26015:1423	73204419;1;G/T
chr10.G1	A00417:150:HTNL3DMXX:1:1101:26024:1251	46028166;1;G/A
chr10.G1	A00417:150:HTNL3DMXX:1:1101:26024:1251	46028168;1;C/T
chr7.G1	A00417:150:HTNL3DMXX:1:1101:26033:1266	33576250;1;G/A
chr17.G1	A00417:150:HTNL3DMXX:1:1101:26078:1407	67719107;1;A/C
chr7.G2	A00417:150:HTNL3DMXX:1:1101:26106:1485	33575391;1;C/T
chr17.G1	A00417:150:HTNL3DMXX:1:1101:2618:1235	68097454;1;T/G
chr17.G1	A00417:150:HTNL3DMXX:1:1101:2618:1235	68097455;1;C/A
chr2.G1	A00417:150:HTNL3DMXX:1:1101:26196:1611	6751317;1;C/T
chr1.G1	A00417:150:HTNL3DMXX:1:1101:26259:1595	1857401;1;C/A
chr13.G2	A00417:150:HTNL3DMXX:1:1101:26286:1485	55464192;1;C/T
chr12.G1	A00417:150:HTNL3DMXX:1:1101:26323:1016	50248232;1;T/A
chr9.G1	A00417:150:HTNL3DMXX:1:1101:2636:1266	40839883;1;T/C
chr18.G1	A00417:150:HTNL3DMXX:1:1101:26422:1251	71299221;1;G/A
chr18.G1	A00417:150:HTNL3DMXX:1:1101:26422:1251	71299222;1;C/T
chr7.G2	A00417:150:HTNL3DMXX:1:1101:26422:1564	33576250;1;G/A
chr17.G1	A00417:150:HTNL3DMXX:1:1101:26467:1204	70078645;1;T/C
chr6.G1	A00417:150:HTNL3DMXX:1:1101:26503:1204	26108709;1;T/C
chr4.G1	A00417:150:HTNL3DMXX:1:1101:26549:1282	20177305;1;C/G
chr5.G1	A00417:150:HTNL3DMXX:1:1101:26567:1188	24982390;1;T/C
chr7.G1	A00417:150:HTNL3DMXX:1:1101:26720:1078	33836302;1;A/G
chr7.G2	A00417:150:HTNL3DMXX:1:1101:26738:1266	33576284;1;A/G
chr4.G1	A00417:150:HTNL3DMXX:1:1101:26775:1611	17774773;1;G/C
chr2.G1	A00417:150:HTNL3DMXX:1:1101:2682:1532	6958863;1;T/C
chr3.G2	A00417:150:HTNL3DMXX:1:1101:26928:1376	15236583;1;G/A
chr11.G1	A00417:150:HTNL3DMXX:1:1101:26928:1438	49566541;1;T/C
chr11.G1	A00417:150:HTNL3DMXX:1:1101:26973:1141	47950957;1;T/C
chr2.G1	A00417:150:HTNL3DMXX:1:1101:27028:1204	9424383;1;T/C
chr5.G1	A00417:150:HTNL3DMXX:1:1101:27073:1595	24955757;1;T/G
chr5.G1	A00417:150:HTNL3DMXX:1:1101:27073:1595	24955758;1;G/A
chr4.G2	A00417:150:HTNL3DMXX:1:1101:2718:1376	19389373;1;T/G
chr7.G2	A00417:150:HTNL3DMXX:1:1101:27254:1344	33576250;1;G/A
chr1.G1	A00417:150:HTNL3DMXX:1:1101:27272:1282	5661521;1;C/T
chr1.G1	A00417:150:HTNL3DMXX:1:1101:27272:1282	5661522;1;A/C
chr15.G1	A00417:150:HTNL3DMXX:1:1101:27281:1454	62923911;1;C/T
chr15.G1	A00417:150:HTNL3DMXX:1:1101:27281:1454	62923912;1;A/C
chr12.G1	A00417:150:HTNL3DMXX:1:1101:27317:1642	52374421;1;G/T
chr2.G1	A00417:150:HTNL3DMXX:1:1101:27416:1313	8916533;1;C/T
chr2.G1	A00417:150:HTNL3DMXX:1:1101:27416:1313	8916534;1;C/T
chr13.G2	A00417:150:HTNL3DMXX:1:1101:27462:1642	53780044;1;G/T
chr14.G1	A00417:150:HTNL3DMXX:1:1101:27471:1094	60913787;1;T/C
chr1.G1	A00417:150:HTNL3DMXX:1:1101:27543:1376	1824923;1;C/T
chr2.G1	A00417:150:HTNL3DMXX:1:1101:27588:1172	6713830;1;C/T
chr11.G2	A00417:150:HTNL3DMXX:1:1101:27606:1172	49413790;1;T/C
chr2.G1	A00417:150:HTNL3DMXX:1:1101:27624:1360	8916533;1;C/T
chr2.G1	A00417:150:HTNL3DMXX:1:1101:27624:1360	8916534;1;C/T
chr11.G1	A00417:150:HTNL3DMXX:1:1101:2763:1391	48666079;1;G/A
chr11.G1	A00417:150:HTNL3DMXX:1:1101:2763:1391	48666080;1;G/A
chr6.G1	A00417:150:HTNL3DMXX:1:1101:2763:1423	26333879;1;C/G
chr6.G1	A00417:150:HTNL3DMXX:1:1101:2763:1423	26333880;1;G/A
chr9.G1	A00417:150:HTNL3DMXX:1:1101:27661:1235	39857930;1;G/A
chr7.G1	A00417:150:HTNL3DMXX:1:1101:27850:1000	33576250;1;G/A
chr17.G2	A00417:150:HTNL3DMXX:1:1101:27995:1094	68692014;1;G/T
chr12.G1	A00417:150:HTNL3DMXX:1:1101:28067:1501	51575791;1;G/A
chr12.G1	A00417:150:HTNL3DMXX:1:1101:28067:1501	51575792;1;A/G
chr12.G1	A00417:150:HTNL3DMXX:1:1101:2808:1219	53666517;1;G/A
chr12.G1	A00417:150:HTNL3DMXX:1:1101:2808:1219	53666519;1;G/A
chr9.G1	A00417:150:HTNL3DMXX:1:1101:28085:1376	42003197;1;A/G
chr19.G1	A00417:150:HTNL3DMXX:1:1101:28085:1564	74142498;1;A/G
chr19.G1	A00417:150:HTNL3DMXX:1:1101:28085:1564	74142501;1;T/C
chr19.G1	A00417:150:HTNL3DMXX:1:1101:28085:1564	74142502;1;C/T
chr17.G2	A00417:150:HTNL3DMXX:1:1101:28103:1125	68167726;1;C/T
chr9.G1	A00417:150:HTNL3DMXX:1:1101:28113:1266	42003197;1;A/G
chr13.G1	A00417:150:HTNL3DMXX:1:1101:28149:1329	56348703;1;G/A
chr18.G1	A00417:150:HTNL3DMXX:1:1101:28167:1485	72698503;1;T/A
chr15.G1	A00417:150:HTNL3DMXX:1:1101:28185:1548	62843968;1;T/C
chr15.G1	A00417:150:HTNL3DMXX:1:1101:28185:1548	62843969;1;A/G
chr15.G1	A00417:150:HTNL3DMXX:1:1101:28185:1548	62843970;1;T/G
chr19.G1	A00417:150:HTNL3DMXX:1:1101:28185:1611	74142498;1;A/G
chr19.G1	A00417:150:HTNL3DMXX:1:1101:28185:1611	74142501;1;T/C
chr19.G1	A00417:150:HTNL3DMXX:1:1101:28185:1611	74142502;1;C/T
chr7.G1	A00417:150:HTNL3DMXX:1:1101:28194:1376	31041944;1;G/A
chr10.G1	A00417:150:HTNL3DMXX:1:1101:28212:1313	45180028;1;G/A
chr6.G1	A00417:150:HTNL3DMXX:1:1101:28266:1438	27764822;1;C/T
chr17.G2	A00417:150:HTNL3DMXX:1:1101:28311:1172	68167726;1;C/T
chr4.G2	A00417:150:HTNL3DMXX:1:1101:28357:1188	19985802;1;C/T
chr5.G1	A00417:150:HTNL3DMXX:1:1101:28357:1595	25275850;1;C/T
chr14.G1	A00417:150:HTNL3DMXX:1:1101:28366:1642	59107101;1;G/A
chr6.G1	A00417:150:HTNL3DMXX:1:1101:28429:1626	28154165;1;A/G
chr13.G1	A00417:150:HTNL3DMXX:1:1101:28492:1204	55004336;1;T/G
chr18.G1	A00417:150:HTNL3DMXX:1:1101:28510:1360	72310895;1;C/G
chr1.G1	A00417:150:HTNL3DMXX:1:1101:28519:1219	1733683;1;C/T
chr1.G1	A00417:150:HTNL3DMXX:1:1101:28519:1219	1733684;1;A/G
chr16.G1	A00417:150:HTNL3DMXX:1:1101:28583:1235	64808014;1;C/T
chr1.G2	A00417:150:HTNL3DMXX:1:1101:28691:1141	587291;1;T/C
chr1.G2	A00417:150:HTNL3DMXX:1:1101:28691:1141	587293;1;C/T
chr17.G2	A00417:150:HTNL3DMXX:1:1101:28736:1595	67972577;1;T/A
chr17.G2	A00417:150:HTNL3DMXX:1:1101:28736:1595	67972578;1;A/G
chr17.G2	A00417:150:HTNL3DMXX:1:1101:28736:1595	67972579;1;G/A
chr17.G2	A00417:150:HTNL3DMXX:1:1101:28736:1595	67972580;1;C/G
chr19.G1	A00417:150:HTNL3DMXX:1:1101:28745:1517	74345769;1;C/T
chr19.G1	A00417:150:HTNL3DMXX:1:1101:28745:1517	74345770;1;C/T
chr17.G2	A00417:150:HTNL3DMXX:1:1101:2880:1251	69417840;1;C/G
chr11.G1	A00417:150:HTNL3DMXX:1:1101:28908:1266	48497993;1;A/G
chr18.G1	A00417:150:HTNL3DMXX:1:1101:29125:1297	71863918;1;G/A
chr16.G2	A00417:150:HTNL3DMXX:1:1101:29152:1125	64944126;1;C/T
chr7.G1	A00417:150:HTNL3DMXX:1:1101:29387:1063	33454810;1;G/A
chr16.G1	A00417:150:HTNL3DMXX:1:1101:29487:1141	64752426;1;T/C
chr13.G2	A00417:150:HTNL3DMXX:1:1101:29523:1204	54838351;1;T/C
chr11.G1	A00417:150:HTNL3DMXX:1:1101:29541:1548	47027842;1;A/T
chr5.G1	A00417:150:HTNL3DMXX:1:1101:29550:1313	24199071;1;C/G
chr2.G1	A00417:150:HTNL3DMXX:1:1101:29550:1626	7778093;1;A/T
chr2.G1	A00417:150:HTNL3DMXX:1:1101:29550:1626	7778096;1;T/G
chr14.G1	A00417:150:HTNL3DMXX:1:1101:29586:1407	57894199;1;T/C
chr14.G1	A00417:150:HTNL3DMXX:1:1101:29713:1438	58057462;1;T/G
chr1.G1	A00417:150:HTNL3DMXX:1:1101:29740:1235	2214408;1;C/A
chr1.G1	A00417:150:HTNL3DMXX:1:1101:29740:1235	2214410;1;C/T
chr4.G1	A00417:150:HTNL3DMXX:1:1101:29767:1219	20737749;1;T/C
chr9.G1	A00417:150:HTNL3DMXX:1:1101:29785:1501	40625308;1;T/C
chr1.G2	A00417:150:HTNL3DMXX:1:1101:29830:1047	5319520;1;A/G
chr7.G2	A00417:150:HTNL3DMXX:1:1101:29857:1157	32189384;1;G/A
chr15.G1	A00417:150:HTNL3DMXX:1:1101:2989:1031	64208007;1;C/T
chr17.G1	A00417:150:HTNL3DMXX:1:1101:29921:1548	69255586;1;C/T
chr6.G1	A00417:150:HTNL3DMXX:1:1101:29930:1063	29813567;1;G/A
chr4.G2	A00417:150:HTNL3DMXX:1:1101:29957:1360	18559373;1;T/A
chr1.G2	A00417:150:HTNL3DMXX:1:1101:30002:1157	5319520;1;A/G
chr1.G2	A00417:150:HTNL3DMXX:1:1101:30002:1188	5319520;1;A/G
chr4.G1	A00417:150:HTNL3DMXX:1:1101:30074:1407	18513012;1;T/C
chr9.G1	A00417:150:HTNL3DMXX:1:1101:30092:1532	40625308;1;T/C
chr11.G1	A00417:150:HTNL3DMXX:1:1101:3016:1172	47705281;1;T/A
chr7.G1	A00417:150:HTNL3DMXX:1:1101:30373:1047	33576250;1;G/A
chr13.G1	A00417:150:HTNL3DMXX:1:1101:30499:1548	56785330;1;A/T
chr13.G1	A00417:150:HTNL3DMXX:1:1101:30499:1548	56785331;1;G/A
chr13.G1	A00417:150:HTNL3DMXX:1:1101:30499:1548	56785332;1;T/C
chr13.G1	A00417:150:HTNL3DMXX:1:1101:30499:1548	56785333;1;G/A
chr13.G1	A00417:150:HTNL3DMXX:1:1101:30499:1548	56785334;1;G/A
chr6.G1	A00417:150:HTNL3DMXX:1:1101:30508:1000	26308900;1;T/A
chr9.G1	A00417:150:HTNL3DMXX:1:1101:30599:1407	41785239;1;C/T
chr13.G1	A00417:150:HTNL3DMXX:1:1101:30644:1548	57045635;1;C/T
chr13.G1	A00417:150:HTNL3DMXX:1:1101:30644:1548	57045636;1;C/A
chr13.G1	A00417:150:HTNL3DMXX:1:1101:30671:1157	56749990;1;G/T
chr13.G1	A00417:150:HTNL3DMXX:1:1101:30716:1485	57045635;1;C/T
chr13.G1	A00417:150:HTNL3DMXX:1:1101:30716:1485	57045636;1;C/A
chr17.G1	A00417:150:HTNL3DMXX:1:1101:30716:1611	70082664;1;T/A
chr17.G1	A00417:150:HTNL3DMXX:1:1101:30716:1611	70082665;1;G/C
chr7.G2	A00417:150:HTNL3DMXX:1:1101:30789:1078	33576191;1;T/G
chr8.G1	A00417:150:HTNL3DMXX:1:1101:30798:1063	38735158;1;A/G
chr8.G1	A00417:150:HTNL3DMXX:1:1101:30798:1063	38735160;1;A/T
chr6.G2	A00417:150:HTNL3DMXX:1:1101:30825:1078	26310920;1;C/T
chr13.G1	A00417:150:HTNL3DMXX:1:1101:30852:1157	57362140;1;T/G
chr13.G1	A00417:150:HTNL3DMXX:1:1101:30852:1157	57362142;1;G/T
chr13.G1	A00417:150:HTNL3DMXX:1:1101:30852:1157	57362143;1;C/T
chr13.G1	A00417:150:HTNL3DMXX:1:1101:30852:1157	57362144;1;T/C
chr6.G1	A00417:150:HTNL3DMXX:1:1101:3088:1016	29380253;1;A/G
chr2.G1	A00417:150:HTNL3DMXX:1:1101:30897:1266	9311659;1;T/C
chr1.G1	A00417:150:HTNL3DMXX:1:1101:30897:1329	2516313;1;A/G
chr17.G2	A00417:150:HTNL3DMXX:1:1101:30897:1579	69642596;1;T/A
chr3.G1	A00417:150:HTNL3DMXX:1:1101:31033:1532	14002020;1;A/G
chr2.G1	A00417:150:HTNL3DMXX:1:1101:31069:1595	11027733;1;C/G
chr17.G1	A00417:150:HTNL3DMXX:1:1101:31087:1094	69257255;1;T/A
chr17.G1	A00417:150:HTNL3DMXX:1:1101:31087:1094	69257256;1;A/C
chr9.G1	A00417:150:HTNL3DMXX:1:1101:31241:1204	42400347;1;T/C
chr9.G1	A00417:150:HTNL3DMXX:1:1101:31340:1501	41965382;1;C/T
chr18.G1	A00417:150:HTNL3DMXX:1:1101:31349:1454	70437165;1;C/T
chr8.G1	A00417:150:HTNL3DMXX:1:1101:31394:1094	37615153;1;A/C
chr8.G1	A00417:150:HTNL3DMXX:1:1101:31394:1094	37615154;1;C/T
chr3.G2	A00417:150:HTNL3DMXX:1:1101:31421:1642	15721632;1;T/C
chr19.G1	A00417:150:HTNL3DMXX:1:1101:31448:1125	73246250;1;A/C
chr6.G1	A00417:150:HTNL3DMXX:1:1101:31503:1251	27787686;1;A/G
chr7.G1	A00417:150:HTNL3DMXX:1:1101:31530:1235	33576250;1;G/A
chr11.G1	A00417:150:HTNL3DMXX:1:1101:31783:1611	49510638;1;G/T
chr5.G1	A00417:150:HTNL3DMXX:1:1101:31873:1235	24306508;1;T/A
chr5.G1	A00417:150:HTNL3DMXX:1:1101:31873:1235	24306510;1;T/C
chr13.G2	A00417:150:HTNL3DMXX:1:1101:31882:1188	54286816;1;T/G
chr13.G2	A00417:150:HTNL3DMXX:1:1101:31882:1188	54286817;1;C/T
chr13.G2	A00417:150:HTNL3DMXX:1:1101:31882:1188	54286818;1;T/C
chr13.G2	A00417:150:HTNL3DMXX:1:1101:31882:1188	54286819;1;T/C
chr10.G1	A00417:150:HTNL3DMXX:1:1101:32063:1000	45422163;1;C/T
chr10.G1	A00417:150:HTNL3DMXX:1:1101:32063:1000	45422165;1;T/C
chr6.G1	A00417:150:HTNL3DMXX:1:1101:32072:1016	28372592;1;G/A
chr7.G1	A00417:150:HTNL3DMXX:1:1101:32072:1266	34132845;1;A/C
chr7.G1	A00417:150:HTNL3DMXX:1:1101:32117:1376	34752892;1;C/T
chr8.G2	A00417:150:HTNL3DMXX:1:1101:32117:1470	37040595;1;G/T
chr17.G2	A00417:150:HTNL3DMXX:1:1101:32190:1313	68190961;1;T/C
chr8.G1	A00417:150:HTNL3DMXX:1:1101:32271:1642	38690672;1;A/G
chr2.G2	A00417:150:HTNL3DMXX:1:1101:32280:1188	10353021;1;C/T
chr2.G2	A00417:150:HTNL3DMXX:1:1101:32280:1188	10353022;1;T/C
chr4.G2	A00417:150:HTNL3DMXX:1:1101:3233:1485	20737749;1;T/C
chr7.G1	A00417:150:HTNL3DMXX:1:1101:32380:1517	33576284;1;A/G
chr7.G1	A00417:150:HTNL3DMXX:1:1101:32380:1517	33576285;1;A/G
chr7.G1	A00417:150:HTNL3DMXX:1:1101:32380:1517	33576286;1;C/A
chr4.G1	A00417:150:HTNL3DMXX:1:1101:32398:1391	19771568;1;A/C
chr4.G1	A00417:150:HTNL3DMXX:1:1101:32434:1579	18513012;1;T/C
chr4.G1	A00417:150:HTNL3DMXX:1:1101:32443:1063	17902768;1;G/A
chr10.G1	A00417:150:HTNL3DMXX:1:1101:32533:1564	44518742;1;C/T
chr10.G1	A00417:150:HTNL3DMXX:1:1101:32533:1564	44518744;1;A/T
chr18.G1	A00417:150:HTNL3DMXX:1:1101:32588:1532	72890426;1;C/T
chr7.G2	A00417:150:HTNL3DMXX:1:1101:32597:1485	31364518;1;C/T
chr7.G2	A00417:150:HTNL3DMXX:1:1101:32597:1485	31364519;1;C/G
chr7.G2	A00417:150:HTNL3DMXX:1:1101:32606:1501	31364518;1;C/T
chr7.G2	A00417:150:HTNL3DMXX:1:1101:32606:1501	31364519;1;C/G
chr11.G1	A00417:150:HTNL3DMXX:1:1101:32615:1642	47012366;1;C/T
chr7.G1	A00417:150:HTNL3DMXX:1:1101:32642:1470	30326697;1;T/G
chr11.G1	A00417:150:HTNL3DMXX:1:1101:32678:1125	48480549;1;A/G
chr7.G1	A00417:150:HTNL3DMXX:1:1101:3269:1110	33575391;1;C/T
chr16.G1	A00417:150:HTNL3DMXX:1:1101:32768:1344	64629666;1;C/G
chr16.G1	A00417:150:HTNL3DMXX:1:1101:32768:1344	64629667;1;G/C
chr13.G1	A00417:150:HTNL3DMXX:1:1101:32823:1376	57257131;1;A/T
chr13.G1	A00417:150:HTNL3DMXX:1:1101:32823:1376	57257135;1;T/C
chr17.G2	A00417:150:HTNL3DMXX:1:1101:32868:1579	68692014;1;G/T
chr1.G1	A00417:150:HTNL3DMXX:1:1101:3287:1047	3751414;1;G/T
chr10.G1	A00417:150:HTNL3DMXX:1:1101:32895:1344	43370193;1;T/C
chr7.G1	A00417:150:HTNL3DMXX:1:1101:32904:1611	34752892;1;C/T
chr6.G2	A00417:150:HTNL3DMXX:1:1101:3305:1423	26623512;1;C/T
chr17.G1	A00417:150:HTNL3DMXX:1:1101:3341:1078	68692014;1;G/T
chr11.G1	A00417:150:HTNL3DMXX:1:1101:3477:1532	47362995;1;C/T
chr2.G2	A00417:150:HTNL3DMXX:1:1101:3531:1626	9402048;1;C/G
chr2.G2	A00417:150:HTNL3DMXX:1:1101:3531:1626	9402049;1;C/T
chr4.G1	A00417:150:HTNL3DMXX:1:1101:3586:1658	17514683;1;A/G
chr4.G1	A00417:150:HTNL3DMXX:1:1101:3586:1658	17514685;1;G/A
chr4.G1	A00417:150:HTNL3DMXX:1:1101:3586:1658	17514686;1;T/A
chr2.G2	A00417:150:HTNL3DMXX:1:1101:3631:1454	6860311;1;T/C
chr2.G2	A00417:150:HTNL3DMXX:1:1101:3631:1454	6860312;1;T/C
chr4.G2	A00417:150:HTNL3DMXX:1:1101:3649:1235	18617674;1;T/C
chr4.G2	A00417:150:HTNL3DMXX:1:1101:3649:1235	18617675;1;C/T
chr4.G2	A00417:150:HTNL3DMXX:1:1101:3649:1235	18617676;1;G/A
chr5.G1	A00417:150:HTNL3DMXX:1:1101:3658:1376	25241889;1;G/T
chr5.G1	A00417:150:HTNL3DMXX:1:1101:3658:1376	25241890;1;T/A
chr16.G1	A00417:150:HTNL3DMXX:1:1101:3712:1063	66635123;1;C/T
chr8.G1	A00417:150:HTNL3DMXX:1:1101:3803:1282	37417049;1;G/C
chr7.G2	A00417:150:HTNL3DMXX:1:1101:3812:1391	33576250;1;G/A
chr3.G2	A00417:150:HTNL3DMXX:1:1101:3830:1172	13328241;1;A/G
chr17.G2	A00417:150:HTNL3DMXX:1:1101:3893:1251	69058147;1;C/G
chr7.G2	A00417:150:HTNL3DMXX:1:1101:4029:1454	33576250;1;G/A
chr14.G1	A00417:150:HTNL3DMXX:1:1101:4056:1626	59305401;1;G/C
chr5.G1	A00417:150:HTNL3DMXX:1:1101:4218:1188	24539618;1;T/C
chr15.G1	A00417:150:HTNL3DMXX:1:1101:4282:1391	62162295;1;A/G
chr17.G2	A00417:150:HTNL3DMXX:1:1101:4291:1658	68692032;1;C/G
chr10.G1	A00417:150:HTNL3DMXX:1:1101:4372:1266	43663316;1;T/C
chr14.G1	A00417:150:HTNL3DMXX:1:1101:4390:1548	58888443;1;G/A
chr14.G1	A00417:150:HTNL3DMXX:1:1101:4390:1548	58888444;1;T/A
chr14.G1	A00417:150:HTNL3DMXX:1:1101:4390:1548	58888448;1;C/T
chr11.G1	A00417:150:HTNL3DMXX:1:1101:4417:1188	48862091;1;T/G
chr11.G1	A00417:150:HTNL3DMXX:1:1101:4417:1188	48862092;1;C/T
chr11.G1	A00417:150:HTNL3DMXX:1:1101:4417:1188	48862094;1;T/C
chr11.G1	A00417:150:HTNL3DMXX:1:1101:4508:1219	48529721;1;C/T
chr19.G1	A00417:150:HTNL3DMXX:1:1101:4535:1611	74142502;1;C/T
chr5.G2	A00417:150:HTNL3DMXX:1:1101:4670:1031	24285778;1;G/C
chr5.G2	A00417:150:HTNL3DMXX:1:1101:4670:1031	24285779;1;C/A
chr7.G2	A00417:150:HTNL3DMXX:1:1101:4698:1485	33576284;1;A/G
chr2.G1	A00417:150:HTNL3DMXX:1:1101:4707:1094	10428795;1;A/G
chr9.G1	A00417:150:HTNL3DMXX:1:1101:5077:1016	40371760;1;T/A
chr11.G1	A00417:150:HTNL3DMXX:1:1101:5104:1564	46526680;1;T/C
chr15.G1	A00417:150:HTNL3DMXX:1:1101:5132:1329	64214875;1;T/C
chr15.G1	A00417:150:HTNL3DMXX:1:1101:5132:1329	64214879;1;T/G
chr11.G1	A00417:150:HTNL3DMXX:1:1101:5204:1016	46918263;1;C/G
chr15.G1	A00417:150:HTNL3DMXX:1:1101:5204:1329	64214875;1;T/C
chr15.G1	A00417:150:HTNL3DMXX:1:1101:5204:1329	64214879;1;T/G
chr2.G1	A00417:150:HTNL3DMXX:1:1101:5213:1219	7962854;1;T/A
chr2.G1	A00417:150:HTNL3DMXX:1:1101:5213:1219	7962855;1;G/A
chr15.G1	A00417:150:HTNL3DMXX:1:1101:5213:1344	64214875;1;T/C
chr15.G1	A00417:150:HTNL3DMXX:1:1101:5213:1344	64214879;1;T/G
chr7.G2	A00417:150:HTNL3DMXX:1:1101:5213:1501	33576250;1;G/A
chr15.G1	A00417:150:HTNL3DMXX:1:1101:5294:1642	62108446;1;T/G
chr13.G1	A00417:150:HTNL3DMXX:1:1101:5312:1423	55464192;1;C/T
chr7.G1	A00417:150:HTNL3DMXX:1:1101:5339:1251	33576250;1;G/A
chr10.G2	A00417:150:HTNL3DMXX:1:1101:5376:1219	43275313;1;C/T
chr10.G2	A00417:150:HTNL3DMXX:1:1101:5376:1219	43275314;1;G/A
chr5.G1	A00417:150:HTNL3DMXX:1:1101:5403:1454	24982390;1;T/C
chr5.G1	A00417:150:HTNL3DMXX:1:1101:5403:1454	24982391;1;T/C
chr1.G1	A00417:150:HTNL3DMXX:1:1101:5547:1266	2601270;1;G/A
chr12.G2	A00417:150:HTNL3DMXX:1:1101:5620:1642	51255758;1;G/T
chr12.G2	A00417:150:HTNL3DMXX:1:1101:5620:1642	51255759;1;A/G
chr12.G2	A00417:150:HTNL3DMXX:1:1101:5620:1642	51255760;1;A/T
chr11.G1	A00417:150:HTNL3DMXX:1:1101:5629:1344	47972929;1;C/T
chr9.G1	A00417:150:HTNL3DMXX:1:1101:5710:1141	39979717;1;G/A
chr7.G2	A00417:150:HTNL3DMXX:1:1101:5719:1031	33576250;1;G/A
chr16.G1	A00417:150:HTNL3DMXX:1:1101:5737:1438	64748411;1;G/T
chr9.G2	A00417:150:HTNL3DMXX:1:1101:5764:1297	40347401;1;A/G
chr11.G1	A00417:150:HTNL3DMXX:1:1101:5873:1579	47102546;1;C/T
chr11.G1	A00417:150:HTNL3DMXX:1:1101:5873:1579	47102548;1;T/C
chr11.G1	A00417:150:HTNL3DMXX:1:1101:5873:1579	47102549;1;G/A
chr11.G1	A00417:150:HTNL3DMXX:1:1101:5873:1579	47102550;1;C/T
chr11.G1	A00417:150:HTNL3DMXX:1:1101:5873:1579	47102551;1;T/G
chr7.G1	A00417:150:HTNL3DMXX:1:1101:5882:1000	33454810;1;G/A
chr5.G2	A00417:150:HTNL3DMXX:1:1101:5900:1219	25338397;1;A/T
chr3.G1	A00417:150:HTNL3DMXX:1:1101:5909:1172	13350995;1;A/G
chr9.G1	A00417:150:HTNL3DMXX:1:1101:5909:1548	40576441;1;C/T
chr7.G1	A00417:150:HTNL3DMXX:1:1101:5918:1407	34062394;1;A/G
chr7.G1	A00417:150:HTNL3DMXX:1:1101:5945:1047	31692075;1;C/T
chr10.G1	A00417:150:HTNL3DMXX:1:1101:5954:1125	46115011;1;C/G
chr5.G1	A00417:150:HTNL3DMXX:1:1101:6017:1642	21910318;1;C/T
chr9.G1	A00417:150:HTNL3DMXX:1:1101:6027:1595	40576441;1;C/T
chr6.G1	A00417:150:HTNL3DMXX:1:1101:6045:1501	29450657;1;G/A
chr6.G1	A00417:150:HTNL3DMXX:1:1101:6045:1501	29450659;1;A/G
chr6.G1	A00417:150:HTNL3DMXX:1:1101:6045:1501	29450660;1;A/G
chr6.G1	A00417:150:HTNL3DMXX:1:1101:6045:1501	29450661;1;T/C
chr11.G1	A00417:150:HTNL3DMXX:1:1101:6063:1532	47091942;1;T/C
chr8.G1	A00417:150:HTNL3DMXX:1:1101:6153:1031	37747386;1;G/A
chr8.G1	A00417:150:HTNL3DMXX:1:1101:6153:1031	37747387;1;T/C
chr18.G1	A00417:150:HTNL3DMXX:1:1101:6171:1031	70416588;1;T/A
chr13.G2	A00417:150:HTNL3DMXX:1:1101:6171:1501	55510056;1;T/C
chr16.G2	A00417:150:HTNL3DMXX:1:1101:6262:1595	65929546;1;G/A
chr17.G1	A00417:150:HTNL3DMXX:1:1101:6280:1157	69038669;1;T/C
chr17.G1	A00417:150:HTNL3DMXX:1:1101:6280:1157	69038670;1;T/G
chr17.G1	A00417:150:HTNL3DMXX:1:1101:6280:1157	69038672;1;C/G
chr10.G1	A00417:150:HTNL3DMXX:1:1101:6298:1658	46406699;1;G/C
chr10.G1	A00417:150:HTNL3DMXX:1:1101:6298:1658	46406701;1;C/T
chr11.G1	A00417:150:HTNL3DMXX:1:1101:6388:1564	48229952;1;G/A
chr11.G1	A00417:150:HTNL3DMXX:1:1101:6388:1564	48229954;1;T/C
chr11.G1	A00417:150:HTNL3DMXX:1:1101:6388:1564	48229955;1;T/C
chr11.G1	A00417:150:HTNL3DMXX:1:1101:6388:1564	48229957;1;T/C
chr11.G1	A00417:150:HTNL3DMXX:1:1101:6388:1564	48229959;1;A/G
chr3.G1	A00417:150:HTNL3DMXX:1:1101:6470:1360	13986012;1;A/G
chr11.G1	A00417:150:HTNL3DMXX:1:1101:6596:1517	48226030;1;T/A
chrX.G1	A00417:150:HTNL3DMXX:1:1101:6623:1626	75097279;1;C/T
chr15.G1	A00417:150:HTNL3DMXX:1:1101:6641:1376	64233395;1;T/G
chr10.G1	A00417:150:HTNL3DMXX:1:1101:6732:1031	44868669;1;C/T
chr14.G1	A00417:150:HTNL3DMXX:1:1101:6732:1438	60940711;1;C/T
chr3.G1	A00417:150:HTNL3DMXX:1:1101:6750:1094	13986016;1;G/A
chr1.G1	A00417:150:HTNL3DMXX:1:1101:6759:1172	2746224;1;G/A
chr1.G1	A00417:150:HTNL3DMXX:1:1101:6759:1172	2746225;1;G/C
chr1.G1	A00417:150:HTNL3DMXX:1:1101:6759:1172	2746227;1;C/T
chr11.G1	A00417:150:HTNL3DMXX:1:1101:6867:1423	47951047;1;G/A
chr15.G1	A00417:150:HTNL3DMXX:1:1101:6894:1000	63580555;1;A/G
chr10.G1	A00417:150:HTNL3DMXX:1:1101:6894:1407	43372773;1;C/T
chr7.G1	A00417:150:HTNL3DMXX:1:1101:6912:1626	32474604;1;T/G
chr2.G1	A00417:150:HTNL3DMXX:1:1101:6922:1141	10672782;1;T/G
chr8.G2	A00417:150:HTNL3DMXX:1:1101:6931:1063	38081464;1;G/A
chr7.G1	A00417:150:HTNL3DMXX:1:1101:6976:1235	33454810;1;G/A
chr7.G1	A00417:150:HTNL3DMXX:1:1101:6976:1235	33454826;1;A/G
chr9.G1	A00417:150:HTNL3DMXX:1:1101:7220:1125	40660773;1;A/G
chr2.G2	A00417:150:HTNL3DMXX:1:1101:7319:1360	9455266;1;A/G
chr12.G2	A00417:150:HTNL3DMXX:1:1101:7392:1235	52306541;1;G/A
chr11.G1	A00417:150:HTNL3DMXX:1:1101:7455:1626	48024821;1;A/G
chr11.G1	A00417:150:HTNL3DMXX:1:1101:7455:1626	48024822;1;C/T
chr5.G2	A00417:150:HTNL3DMXX:1:1101:7554:1454	25275893;1;G/T
chr15.G1	A00417:150:HTNL3DMXX:1:1101:7717:1329	62731454;1;A/G
chr15.G1	A00417:150:HTNL3DMXX:1:1101:7717:1329	62731456;1;T/C
chr4.G1	A00417:150:HTNL3DMXX:1:1101:7798:1313	20079315;1;A/C
chr4.G2	A00417:150:HTNL3DMXX:1:1101:7808:1579	19805486;1;C/T
chr15.G1	A00417:150:HTNL3DMXX:1:1101:7826:1078	62969979;1;C/A
chr1.G2	A00417:150:HTNL3DMXX:1:1101:7853:1564	1141546;1;C/A
chr2.G2	A00417:150:HTNL3DMXX:1:1101:7862:1110	10372071;1;T/A
chr5.G1	A00417:150:HTNL3DMXX:1:1101:7871:1063	23901229;1;C/G
chr18.G1	A00417:150:HTNL3DMXX:1:1101:7889:1407	71634615;1;A/C
chr4.G2	A00417:150:HTNL3DMXX:1:1101:7952:1235	20521454;1;A/G
chr6.G2	A00417:150:HTNL3DMXX:1:1101:7997:1470	29385287;1;G/A
chr10.G1	A00417:150:HTNL3DMXX:1:1101:8097:1423	44873623;1;C/G
chr15.G2	A00417:150:HTNL3DMXX:1:1101:8169:1110	63768506;1;A/G
chr6.G1	A00417:150:HTNL3DMXX:1:1101:8187:1172	27742354;1;A/G
chr3.G1	A00417:150:HTNL3DMXX:1:1101:8223:1016	15987264;1;T/C
chr3.G1	A00417:150:HTNL3DMXX:1:1101:8223:1016	15987265;1;A/T
chr3.G1	A00417:150:HTNL3DMXX:1:1101:8223:1016	15987266;1;C/T
chr19.G2	A00417:150:HTNL3DMXX:1:1101:8241:1517	73138452;1;C/T
chr18.G2	A00417:150:HTNL3DMXX:1:1101:8260:1016	71649544;1;C/T
chr1.G1	A00417:150:HTNL3DMXX:1:1101:8341:1438	5587424;1;A/C
chr5.G1	A00417:150:HTNL3DMXX:1:1101:8594:1094	25108230;1;C/T
chr5.G1	A00417:150:HTNL3DMXX:1:1101:8594:1658	25222401;1;C/T
chr2.G2	A00417:150:HTNL3DMXX:1:1101:8603:1078	10730348;1;T/C
chr2.G2	A00417:150:HTNL3DMXX:1:1101:8603:1078	10730349;1;G/C
chr6.G1	A00417:150:HTNL3DMXX:1:1101:8612:1000	26623512;1;C/T
chr3.G2	A00417:150:HTNL3DMXX:1:1101:8703:1157	12879193;1;A/C
chr10.G1	A00417:150:HTNL3DMXX:1:1101:8748:1235	44979906;1;T/G
chr11.G1	A00417:150:HTNL3DMXX:1:1101:8793:1376	49983304;1;A/G
chr7.G1	A00417:150:HTNL3DMXX:1:1101:8847:1376	31235163;1;A/G
chr6.G1	A00417:150:HTNL3DMXX:1:1101:8883:1188	26623512;1;C/T
chr8.G1	A00417:150:HTNL3DMXX:1:1101:8910:1204	38101436;1;C/T
chr8.G1	A00417:150:HTNL3DMXX:1:1101:8910:1204	38101437;1;G/A
chr8.G1	A00417:150:HTNL3DMXX:1:1101:8910:1204	38101439;1;G/A
chr8.G1	A00417:150:HTNL3DMXX:1:1101:8910:1204	38101440;1;A/C
chr8.G1	A00417:150:HTNL3DMXX:1:1101:8910:1204	38101441;1;A/G
chr7.G1	A00417:150:HTNL3DMXX:1:1101:8983:1360	31637361;1;C/T
chr7.G1	A00417:150:HTNL3DMXX:1:1101:8983:1360	31637370;1;A/G
chr17.G2	A00417:150:HTNL3DMXX:1:1101:9073:1642	69529705;1;A/G
chr11.G1	A00417:150:HTNL3DMXX:1:1101:9109:1172	48521734;1;A/C
chr10.G1	A00417:150:HTNL3DMXX:1:1101:9173:1188	44566395;1;C/T
chr11.G1	A00417:150:HTNL3DMXX:1:1101:9191:1031	49991862;1;T/G
chr9.G1	A00417:150:HTNL3DMXX:1:1101:9263:1532	42350410;1;A/G
chr2.G1	A00417:150:HTNL3DMXX:1:1101:9399:1172	11027760;1;C/T
chr3.G1	A00417:150:HTNL3DMXX:1:1101:9426:1282	15346539;1;G/A
chr1.G2	A00417:150:HTNL3DMXX:1:1101:9489:1611	2216418;1;T/A
chr1.G2	A00417:150:HTNL3DMXX:1:1101:9489:1611	2216419;1;A/G
chr14.G1	A00417:150:HTNL3DMXX:1:1101:9498:1125	59130225;1;A/G
chr14.G1	A00417:150:HTNL3DMXX:1:1101:9498:1125	59130226;1;T/C
chr7.G1	A00417:150:HTNL3DMXX:1:1101:9516:1376	30815167;1;C/T
chr5.G2	A00417:150:HTNL3DMXX:1:1101:9534:1313	23204060;1;T/C
chr17.G1	A00417:150:HTNL3DMXX:1:1101:9534:1658	68692014;1;G/T
chr8.G1	A00417:150:HTNL3DMXX:1:1101:9570:1658	37271000;1;C/T
chr8.G1	A00417:150:HTNL3DMXX:1:1101:9634:1485	36218009;1;A/G
chr8.G1	A00417:150:HTNL3DMXX:1:1101:9634:1485	36218010;1;A/G
chr17.G1	A00417:150:HTNL3DMXX:1:1101:9688:1517	67592980;1;C/G
chr7.G2	A00417:150:HTNL3DMXX:1:1101:9769:1094	33576250;1;G/A
chr2.G1	A00417:150:HTNL3DMXX:1:1101:9878:1282	10438573;1;G/A
chr11.G1	A00417:150:HTNL3DMXX:1:1101:9941:1110	49303945;1;A/G
